,Date,Visit Number,Product,Visitor_ID,CSource,State,Day,Month,Year,State Code
0,"January 1, 2018",1,unknown,7732198244151778867_4134450918576237336,outbrain,texas ,January,1,2018,51
1,"January 1, 2018",4,Refinance,2431284746265101166_8567539867164911934,google_display_network,virginia ,January,1,2018,51
2,"January 1, 2018",2,Refinance,5951927093440429627_8402229250223050888,google_display_network,florida ,January,1,2018,51
3,"January 1, 2018",1,Refinance,9095128932057308643_5744753714959771864,cnn_com,ohio ,January,1,2018,51
4,"January 1, 2018",1,Refinance,7144494725347131737_7936627049048254284,google_display_network,california ,January,1,2018,51
5,"January 1, 2018",1,unknown,3840395548288420783_2563166581193760536,criteo,oregon ,January,1,2018,51
6,"January 1, 2018",5,Refinance,5951927093440429627_8402229250223050888,google_display_network,florida ,January,1,2018,51
7,"January 1, 2018",1,Refinance,9193455551599519817_2133625214278931623,taboola,maine ,January,1,2018,51
8,"January 1, 2018",3,Refinance,4427865552475720477_747171176657803548,google_display_network,california ,January,1,2018,51
9,"January 1, 2018",1,Refinance,1114696381134181432_6527712537278417460,google_display_network,new hampshire ,January,1,2018,51
10,"January 1, 2018",1,Refinance,9117345142982298598_3577160519644552955,google_display_network,pennsylvania ,January,1,2018,51
11,"January 1, 2018",1,unknown,3489213251580014308_7398156064548572149,google,connecticut ,January,1,2018,51
12,"January 1, 2018",1,unknown,1045083400990673712_8865219555642043783,unknown,wisconsin ,January,1,2018,51
13,"January 1, 2018",1,unknown,104959404389931813_7664988777389669386,unknown,illinois ,January,1,2018,51
14,"January 1, 2018",1,unknown,1187440273274509770_6264289359886443009,unknown,north carolina ,January,1,2018,51
15,"January 1, 2018",1,unknown,1259023831_2274431552,unknown,kansas ,January,1,2018,51
16,"January 1, 2018",1,unknown,1422243278321408217_1794656872289764929,unknown,california ,January,1,2018,51
17,"January 1, 2018",1,unknown,1470397279149965160_4056554722587805186,unknown,florida ,January,1,2018,51
18,"January 1, 2018",1,unknown,1529432820598411557_4243204992246694562,unknown,pennsylvania ,January,1,2018,51
19,"January 1, 2018",1,unknown,1709893692233310714_6128893313841640312,unknown,california ,January,1,2018,51
20,"January 1, 2018",1,unknown,1745541608653249458_7227558626993931477,unknown,connecticut ,January,1,2018,51
21,"January 1, 2018",1,unknown,1861684549292256734_6435018148321770551,unknown,illinois ,January,1,2018,51
22,"January 1, 2018",1,unknown,2169372723960481604_258221103072382442,unknown,ohio ,January,1,2018,51
23,"January 1, 2018",1,unknown,2176559230035865039_6028598558958540714,unknown,florida ,January,1,2018,51
24,"January 1, 2018",1,unknown,2187762442256815536_577073384131518846,unknown,illinois ,January,1,2018,51
25,"January 1, 2018",1,unknown,2208096828633599876_2524339848122002493,unknown,tennessee ,January,1,2018,51
26,"January 1, 2018",1,unknown,2385508582254797716_2877051979529532200,unknown,hawaii ,January,1,2018,51
27,"January 1, 2018",1,unknown,2390655788272990649_62550287593796688,unknown,texas ,January,1,2018,51
28,"January 1, 2018",1,unknown,265569730221593432_960506058289255664,unknown,florida ,January,1,2018,51
29,"January 1, 2018",1,unknown,2666065567448156575_1758368723776643525,unknown,texas ,January,1,2018,51
30,"January 1, 2018",1,unknown,2923231590883505603_8899135819102243365,unknown,new jersey ,January,1,2018,51
31,"January 1, 2018",1,unknown,3000224804852099826_2177060133223327021,unknown,north carolina ,January,1,2018,51
32,"January 1, 2018",1,unknown,3165487375400202017_761891474975824315,unknown,california ,January,1,2018,51
33,"January 1, 2018",1,unknown,3167820724531281132_50524480124881814,unknown,virginia ,January,1,2018,51
34,"January 1, 2018",1,unknown,3234605873742365234_7486117805911635592,unknown,district of columbia ,January,1,2018,51
36,"January 1, 2018",1,unknown,344370418946117495_4397058832620276011,unknown,montana ,January,1,2018,51
37,"January 1, 2018",1,unknown,3686966202067268599_8057013726655279784,unknown,california ,January,1,2018,51
38,"January 1, 2018",1,unknown,370934729801164125_5181521961172349351,unknown,massachusetts ,January,1,2018,51
39,"January 1, 2018",1,unknown,3789034827659262295_1761383560668772016,unknown,california ,January,1,2018,51
40,"January 1, 2018",1,unknown,3821085286657308349_4735171794810263958,unknown,california ,January,1,2018,51
42,"January 1, 2018",1,unknown,4103762237795408857_217981441110970332,unknown,west virginia ,January,1,2018,51
44,"January 1, 2018",1,unknown,4232769485588208258_6516467579293803546,unknown,texas ,January,1,2018,51
45,"January 1, 2018",1,unknown,4280222067824961263_7777833577988918079,unknown,oregon ,January,1,2018,51
47,"January 1, 2018",1,unknown,4502819517233681142_5134315128748823004,unknown,ohio ,January,1,2018,51
48,"January 1, 2018",1,unknown,4563701066763645844_3855314630883734615,unknown,georgia ,January,1,2018,51
49,"January 1, 2018",1,unknown,4572943070058004035_551532170084734417,unknown,virginia ,January,1,2018,51
50,"January 1, 2018",1,unknown,4717380954048933229_5246638227075190165,unknown,california ,January,1,2018,51
51,"January 1, 2018",1,unknown,4949472182770255485_5229460009957259311,unknown,new york ,January,1,2018,51
52,"January 1, 2018",1,unknown,5096521400643491548_2289858304222648128,unknown,arkansas ,January,1,2018,51
54,"January 1, 2018",1,unknown,5249132989113071390_2393233365023249875,unknown,california ,January,1,2018,51
55,"January 1, 2018",1,unknown,5301437436609190077_5419584912290620900,unknown,georgia ,January,1,2018,51
56,"January 1, 2018",1,unknown,552783653895408712_4215811161147128529,unknown,pennsylvania ,January,1,2018,51
57,"January 1, 2018",1,unknown,5569301588781429043_2391960064338781076,unknown,colorado ,January,1,2018,51
58,"January 1, 2018",1,unknown,5576976309891762181_476633110217503197,unknown,north carolina ,January,1,2018,51
59,"January 1, 2018",1,unknown,5634998701346700179_5523771471010882250,unknown,florida ,January,1,2018,51
60,"January 1, 2018",1,unknown,5690491684645390718_1791286312338592199,unknown,california ,January,1,2018,51
61,"January 1, 2018",1,unknown,5697220322171600230_2738219675735117757,unknown,new jersey ,January,1,2018,51
62,"January 1, 2018",1,unknown,5775826534172994977_7317835929315840929,unknown,florida ,January,1,2018,51
63,"January 1, 2018",1,unknown,5785096375378188619_1169547519620825866,unknown,california ,January,1,2018,51
64,"January 1, 2018",1,unknown,5797358725399011188_7537232172709192978,unknown,north dakota ,January,1,2018,51
65,"January 1, 2018",1,unknown,5812331469233785813_280662731814475031,unknown,wisconsin ,January,1,2018,51
66,"January 1, 2018",1,unknown,5922092648250729723_1950846577850796504,unknown,minnesota ,January,1,2018,51
67,"January 1, 2018",1,unknown,6007757409804860155_1784452472275852884,unknown,nevada ,January,1,2018,51
68,"January 1, 2018",1,unknown,6185258750239917059_576709243973700209,unknown,delaware ,January,1,2018,51
69,"January 1, 2018",1,unknown,6186629376181294473_5801165497241590082,unknown,florida ,January,1,2018,51
70,"January 1, 2018",1,unknown,6449884758628478363_8570795267489951812,unknown,texas ,January,1,2018,51
71,"January 1, 2018",1,unknown,6567447966014672105_2907164572463382983,unknown,virginia ,January,1,2018,51
72,"January 1, 2018",1,unknown,6612801250187088736_3079586975831246494,unknown,illinois ,January,1,2018,51
73,"January 1, 2018",1,unknown,6665147297869852817_6107173472258028540,unknown,colorado ,January,1,2018,51
74,"January 1, 2018",1,unknown,6667467223259378778_666867177445044718,unknown,new york ,January,1,2018,51
75,"January 1, 2018",1,unknown,6779272980435580960_6716917349339095313,unknown,illinois ,January,1,2018,51
76,"January 1, 2018",1,unknown,7053798588359899792_8403115936795908152,unknown,pennsylvania ,January,1,2018,51
77,"January 1, 2018",1,unknown,7134494703102816429_7497057548747015466,unknown,texas ,January,1,2018,51
78,"January 1, 2018",1,unknown,7198992635107468669_9011486494094643845,unknown,maryland ,January,1,2018,51
79,"January 1, 2018",1,unknown,7213046456589863550_4209270332469605488,unknown,north carolina ,January,1,2018,51
80,"January 1, 2018",1,unknown,7481215841366565857_4903909484033073723,unknown,georgia ,January,1,2018,51
81,"January 1, 2018",1,unknown,7511593550568568451_287179031299205157,unknown,georgia ,January,1,2018,51
82,"January 1, 2018",1,unknown,7695947444343287736_5839400244047093361,unknown,texas ,January,1,2018,51
83,"January 1, 2018",1,unknown,7802327019113215412_2375635591240621246,unknown,connecticut ,January,1,2018,51
84,"January 1, 2018",1,unknown,7867615412557989933_2229646853217937786,unknown,michigan ,January,1,2018,51
85,"January 1, 2018",1,unknown,8042443177575234670_3015777411171724213,unknown,idaho ,January,1,2018,51
86,"January 1, 2018",1,unknown,8073103162182820520_3965318682094650410,unknown,california ,January,1,2018,51
87,"January 1, 2018",1,unknown,8080385646956250870_6637621103888906840,unknown,texas ,January,1,2018,51
88,"January 1, 2018",1,unknown,8089610868803279995_1785860808982083812,unknown,virginia ,January,1,2018,51
89,"January 1, 2018",1,unknown,8105784557320919091_8196413462308499750,unknown,virginia ,January,1,2018,51
90,"January 1, 2018",1,unknown,8177604505971081035_2677416894419760109,unknown,illinois ,January,1,2018,51
91,"January 1, 2018",1,unknown,8386898831493208696_4537118129623684359,unknown,california ,January,1,2018,51
92,"January 1, 2018",1,unknown,8528480868102654248_8447102539750397123,unknown,california ,January,1,2018,51
93,"January 1, 2018",1,unknown,8720338879669905852_3056086667952157879,unknown,illinois ,January,1,2018,51
94,"January 1, 2018",1,unknown,8736609034914317246_8425311543256160621,unknown,kansas ,January,1,2018,51
95,"January 1, 2018",1,unknown,877972207703715772_5226998635028420035,unknown,kansas ,January,1,2018,51
96,"January 1, 2018",1,unknown,887855725622149874_5995817709007309545,unknown,georgia ,January,1,2018,51
97,"January 1, 2018",1,unknown,9085581902214029909_866441623362175759,unknown,illinois ,January,1,2018,51
98,"January 1, 2018",1,unknown,921390663669168574_2381886225906206378,unknown,alabama ,January,1,2018,51
99,"January 1, 2018",1,unknown,96332467710587401_2843600227975165659,unknown,new jersey ,January,1,2018,51
100,"January 1, 2018",1,Personal,1113033089_2274431552,unknown,new york ,January,1,2018,51
101,"January 1, 2018",1,Personal,1551959218686120072_3568123856514376605,unknown,california ,January,1,2018,51
102,"January 1, 2018",1,Personal,2544368930651048418_130551950503170906,unknown,texas ,January,1,2018,51
103,"January 1, 2018",1,Personal,3253123661615840141_4611687200617171611,unknown,maine ,January,1,2018,51
104,"January 1, 2018",1,Personal,467681154369313321_5790833603157192896,unknown,california ,January,1,2018,51
105,"January 1, 2018",1,Personal,544872603192524772_4589674226370768130,unknown,georgia ,January,1,2018,51
106,"January 1, 2018",1,Personal,8665231938730452595_3266046849043955116,unknown,arkansas ,January,1,2018,51
107,"January 1, 2018",1,Purchase,1231728024_2140199949,unknown,georgia ,January,1,2018,51
108,"January 1, 2018",2,unknown,1987708906768717764_1840172218074650414,unknown,wisconsin ,January,1,2018,51
109,"January 1, 2018",2,unknown,4975057251021247136_8381228594779645394,unknown,indiana ,January,1,2018,51
110,"January 1, 2018",2,unknown,5816618920687746599_2958338312440309329,unknown,texas ,January,1,2018,51
111,"January 1, 2018",2,unknown,7614167239299134206_2436334494349834633,unknown,illinois ,January,1,2018,51
112,"January 1, 2018",2,unknown,7883622636923501516_1809533540216436107,unknown,california ,January,1,2018,51
113,"January 1, 2018",2,unknown,8636673312306935404_2079632349672823611,unknown,pennsylvania ,January,1,2018,51
114,"January 1, 2018",2,unknown,8858276324295005566_3524617631436805349,unknown,arizona ,January,1,2018,51
115,"January 1, 2018",3,unknown,3525953113392824590_2297329940291527642,unknown,pennsylvania ,January,1,2018,51
116,"January 1, 2018",3,unknown,4757683379960173703_1512564512926132204,unknown,texas ,January,1,2018,51
117,"January 1, 2018",3,unknown,7022542983782428530_1338367201954626716,unknown,georgia ,January,1,2018,51
118,"January 1, 2018",4,unknown,3668771783902623036_7781472164770330314,unknown,maryland ,January,1,2018,51
119,"January 1, 2018",5,unknown,5032110347860520092_2247948010829262346,unknown,mississippi ,January,1,2018,51
120,"January 1, 2018",11,unknown,4695919165213870851_8194490113200431669,unknown,georgia ,January,1,2018,51
121,"January 1, 2018",28,unknown,4992127050721655504_1863363009287183053,unknown,georgia ,January,1,2018,51
122,"January 1, 2018",57,unknown,6230817955096426882_2131743333162392463,unknown,tennessee ,January,1,2018,51
123,"January 1, 2018",60,unknown,6230817955096426882_2131743333162392463,unknown,tennessee ,January,1,2018,51
124,"January 1, 2018",10,unknown,6805584168729785422_5654615507038039183,unknown,tennessee ,January,1,2018,51
125,"January 1, 2018",4,unknown,657586007620506322_7756403323570523254,unknown,new york ,January,1,2018,51
126,"January 1, 2018",14,unknown,4190938001714079381_6691222028788940143,unknown,new york ,January,1,2018,51
127,"January 1, 2018",10,unknown,3955065216980907401_6421324711952320517,unknown,kansas ,January,1,2018,51
128,"January 1, 2018",1,unknown,8317463513868230602_8622102141161867728,unknown,oregon ,January,1,2018,51
129,"January 1, 2018",29,unknown,1665703770584752450_9208492245620781944,unknown,colorado ,January,1,2018,51
130,"January 1, 2018",5,unknown,5117468144516935365_6003680730191855856,unknown,new york ,January,1,2018,51
131,"January 1, 2018",1,unknown,9069118603727805598_7887087800216963090,unknown,pennsylvania ,January,1,2018,51
132,"January 1, 2018",3,unknown,2215656963705020499_3484206461006050147,unknown,alaska ,January,1,2018,51
134,"January 1, 2018",4,Personal,2914094568601665101_5383892901777088146,unknown,massachusetts ,January,1,2018,51
136,"January 1, 2018",2,Purchase,4580586728575668895_2355924021875903047,unknown,florida ,January,1,2018,51
138,"January 1, 2018",1,Refinance,2932148839_2781648693,unknown,illinois ,January,1,2018,51
139,"January 1, 2018",1,Refinance,3253127411122298561_4611687158741256700,unknown,new york ,January,1,2018,51
140,"January 1, 2018",1,Refinance,412270155_1594079913,unknown,connecticut ,January,1,2018,51
141,"January 1, 2018",6,Purchase,7626789446230107518_2505799745290202946,unknown,texas ,January,1,2018,51
142,"January 1, 2018",1,Refinance,1124499293_2140199949,unknown,minnesota ,January,1,2018,51
143,"January 1, 2018",1,Personal,801964370_4048509773,unknown,florida ,January,1,2018,51
144,"January 1, 2018",3,Purchase,2889527006_1325693927,unknown,florida ,January,1,2018,51
145,"January 1, 2018",4,Personal,2702219558513931744_4225003280166516662,unknown,ohio ,January,1,2018,51
146,"January 1, 2018",1,Refinance,2889513150_3038137298,unknown,michigan ,January,1,2018,51
147,"January 1, 2018",3,Home Equity,7996154596560667226_4849372410051740009,unknown,north carolina ,January,1,2018,51
148,"January 1, 2018",5,Personal,362547607464786214_6016507989795832896,unknown,new york ,January,1,2018,51
149,"January 1, 2018",5,Personal,4191589544647692672_7241234122531537495,unknown,ohio ,January,1,2018,51
150,"January 1, 2018",8,Personal,7524313859387702375_4400404432273118054,unknown,georgia ,January,1,2018,51
151,"January 1, 2018",1,Refinance,2306294998_1594079913,unknown,california ,January,1,2018,51
152,"January 1, 2018",3,Refinance,1116573997288761882_8190308393126890752,unknown,new york ,January,1,2018,51
153,"January 1, 2018",1,Refinance,6869199224425854922_1650110396435851535,unknown,kentucky ,January,1,2018,51
154,"January 1, 2018",8,Personal,6358442734036000215_5217796799822202314,unknown,california ,January,1,2018,51
155,"January 1, 2018",3,Purchase,5531885571785449876_958234486220632193,unknown,california ,January,1,2018,51
156,"January 1, 2018",1,Personal,6617104331516403219_8382722052987944735,unknown,ohio ,January,1,2018,51
157,"January 1, 2018",1,Personal,5319540895766780565_5205546489461019038,unknown,colorado ,January,1,2018,51
158,"January 1, 2018",1,Refinance,2889541804_176175633,unknown,new jersey ,January,1,2018,51
160,"January 1, 2018",2,unknown,7157173685170135028_5959695298333547543,unknown,tennessee ,January,1,2018,51
161,"January 1, 2018",7,Personal,8981369024067616571_4648399761261092922,unknown,pennsylvania ,January,1,2018,51
162,"January 1, 2018",2,Refinance,6819637185966892816_6430675211289003449,unknown,florida ,January,1,2018,51
163,"January 1, 2018",6,Personal,276091951344542112_7758024050117696253,unknown,north carolina ,January,1,2018,51
164,"January 1, 2018",1,Personal,1800261475_1322947750,unknown,illinois ,January,1,2018,51
165,"January 1, 2018",2,Personal,2728562496397731668_4519135056662313443,unknown,texas ,January,1,2018,51
166,"January 1, 2018",33,Personal,1377569866143431413_6160297258405346537,unknown,new york ,January,1,2018,51
167,"January 1, 2018",2,Business Loans,1995594103819044174_78492760311875673,unknown,north carolina ,January,1,2018,51
169,"January 1, 2018",1,Refinance,3674793615802631485_4897773281863801691,unknown,new york ,January,1,2018,51
170,"January 1, 2018",3,Personal,379166663927031103_8559159539690830846,unknown,new york ,January,1,2018,51
171,"January 1, 2018",6,Personal,244039257953140145_4445347671426554554,unknown,california ,January,1,2018,51
173,"January 1, 2018",2,Refinance,9212851439110544762_5268157934903191265,unknown,alabama ,January,1,2018,51
174,"January 1, 2018",1,Personal,5071758134653118705_482864636711070900,unknown,new jersey ,January,1,2018,51
175,"January 1, 2018",8,Personal,5142181463213474820_7470911514338409174,unknown,alabama ,January,1,2018,51
176,"January 1, 2018",1,Refinance,5200138341095712665_6306749497596295204,unknown,illinois ,January,1,2018,51
178,"January 1, 2018",1,Refinance,4531881145702166705_6521185667712418825,unknown,texas ,January,1,2018,51
179,"January 1, 2018",1,Personal,8694692442035772856_2764560574351793273,unknown,washington ,January,1,2018,51
181,"January 1, 2018",4,Personal,8757353973434915186_219743699405169120,unknown,kansas ,January,1,2018,51
182,"January 1, 2018",4,Auto,4165085039312209462_4731641900082351245,unknown,florida ,January,1,2018,51
183,"January 1, 2018",1,Personal,844357110_2140199949,unknown,illinois ,January,1,2018,51
184,"January 1, 2018",1,Refinance,1148376796_2140199949,unknown,wisconsin ,January,1,2018,51
185,"January 1, 2018",2,Personal,2424016869135628718_7615962306475797005,unknown,california ,January,1,2018,51
186,"January 1, 2018",1,Refinance,1826012594_2140199949,unknown,illinois ,January,1,2018,51
187,"January 1, 2018",1,unknown,1664058301_3108078097,unknown,indiana ,January,1,2018,51
188,"January 1, 2018",2,Refinance,2922572568_3045849152,unknown,tennessee ,January,1,2018,51
189,"January 1, 2018",1,Personal,8700961318045074252_4034548376425873826,unknown,georgia ,January,1,2018,51
190,"January 1, 2018",2,Refinance,6987790864626776027_6353377168662339486,unknown,kentucky ,January,1,2018,51
191,"January 1, 2018",2,Refinance,5150152406507667071_6584181161911472302,unknown,florida ,January,1,2018,51
192,"January 1, 2018",7,Personal,4273235028361320469_1099488863615366981,unknown,georgia ,January,1,2018,51
193,"January 1, 2018",29,Personal,9014511772323774429_6817021089005351638,unknown,new york ,January,1,2018,51
194,"January 1, 2018",1,Personal,1674248326_1757275329,unknown,michigan ,January,1,2018,51
195,"January 1, 2018",1,Personal,2932674406_1297668922,unknown,maryland ,January,1,2018,51
196,"January 1, 2018",1,Refinance,1203986765_1259791983,unknown,california ,January,1,2018,51
197,"January 1, 2018",1,Personal,7033478044593625799_6531599012953034120,unknown,new york ,January,1,2018,51
198,"January 1, 2018",5,Personal,2475765430133214684_3408454627878343004,unknown,nevada ,January,1,2018,51
199,"January 1, 2018",2,Personal,1287235334_3358254737,unknown,texas ,January,1,2018,51
200,"January 1, 2018",6,Refinance,1428504501191535004_585872921224555934,unknown,new york ,January,1,2018,51
202,"January 1, 2018",2,Personal,1407883928055424491_3367023989504679934,unknown,oklahoma ,January,1,2018,51
203,"January 1, 2018",10,Personal,4175822089824424547_9108100352452646596,unknown,arkansas ,January,1,2018,51
204,"January 1, 2018",3,Refinance,6282419848375094390_1821777856262893157,unknown,california ,January,1,2018,51
205,"January 1, 2018",2,Personal,393455539_1199449128,unknown,michigan ,January,1,2018,51
206,"January 1, 2018",4,Personal,4020899669164261501_2901822438242414919,unknown,new york ,January,1,2018,51
207,"January 1, 2018",4,Personal,1718384617542747621_3014614116811576707,unknown,indiana ,January,1,2018,51
208,"January 1, 2018",2,Personal,6465803938562483483_1712582969493052254,unknown,kentucky ,January,1,2018,51
209,"January 1, 2018",1,Personal,6315766518136961434_7801434380303437848,unknown,texas ,January,1,2018,51
211,"January 1, 2018",2,Personal,5115024283058431694_8435428753426367942,unknown,hawaii ,January,1,2018,51
212,"January 1, 2018",1,Personal,1228754680_1580197113,unknown,new hampshire ,January,1,2018,51
213,"January 1, 2018",15,Refinance,7244333688766959228_486387908193497636,unknown,texas ,January,1,2018,51
214,"January 1, 2018",2,Personal,3317537701471885520_1522585558862741828,unknown,georgia ,January,1,2018,51
215,"January 1, 2018",1,Refinance,8109767164154599177_4770725001745595669,unknown,texas ,January,1,2018,51
216,"January 1, 2018",1,Purchase,1800267717_2158271554,unknown,california ,January,1,2018,51
217,"January 1, 2018",1,Refinance,5989008511114525477_4938113049823312502,unknown,virginia ,January,1,2018,51
219,"January 1, 2018",26,Personal,8448961805851817534_3605894695283121639,unknown,florida ,January,1,2018,51
221,"January 1, 2018",1,Refinance,1264225130_2158271554,unknown,texas ,January,1,2018,51
222,"January 1, 2018",1,Personal,1166814445370024252_4066183804368716229,unknown,kentucky ,January,1,2018,51
223,"January 1, 2018",1,Refinance,1229840302_2140199949,unknown,texas ,January,1,2018,51
224,"January 1, 2018",5,Refinance,6369789845728530867_4294906701230827736,unknown,new york ,January,1,2018,51
225,"January 1, 2018",19,Personal,6981878023904558186_5934657505684814851,unknown,florida ,January,1,2018,51
226,"January 1, 2018",1,Personal,6315766518136961434_7801434380303437848,unknown,texas ,January,1,2018,51
227,"January 1, 2018",1,Auto,661199425536435528_2341589520058090378,carsoup,illinois ,January,1,2018,51
228,"January 1, 2018",1,Refinance,2934346117_2140199949,unknown,michigan ,January,1,2018,51
229,"January 1, 2018",4,Home Equity,791847474_812092854,unknown,missouri ,January,1,2018,51
231,"January 1, 2018",2,Personal,9212851439110544762_5268157934903191265,unknown,alabama ,January,1,2018,51
232,"January 1, 2018",2,Refinance,1140925502_1969521446,unknown,florida ,January,1,2018,51
233,"January 1, 2018",1,Personal,1664763131_1594079913,unknown,missouri ,January,1,2018,51
234,"January 1, 2018",3,Purchase,8835968664717823837_2665148169549701426,unknown,colorado ,January,1,2018,51
235,"January 1, 2018",4,Personal,8136423630503441901_9146346790887391413,unknown,florida ,January,1,2018,51
236,"January 1, 2018",1,Personal,919590138441116713_8789483838940070059,unknown,california ,January,1,2018,51
237,"January 1, 2018",1,Refinance,8193584153890568679_1502692640004814667,unknown,california ,January,1,2018,51
238,"January 1, 2018",1,Personal,5791344285320432760_6658566165154570759,unknown,texas ,January,1,2018,51
239,"January 1, 2018",1,Personal,6203207023437811571_2038252647246905707,unknown,rhode island ,January,1,2018,51
240,"January 1, 2018",2,Refinance,2935982857_3448141402,unknown,indiana ,January,1,2018,51
241,"January 1, 2018",3,Personal,6957628091797139763_2767090850755854401,unknown,michigan ,January,1,2018,51
242,"January 1, 2018",1,Refinance,3253088043451766009_6917548371636935395,unknown,washington ,January,1,2018,51
243,"January 1, 2018",1,Personal,6162674056917841900_3073502884838541545,unknown,pennsylvania ,January,1,2018,51
244,"January 1, 2018",2,Refinance,1958831962417195886_1655868448095164758,unknown,arizona ,January,1,2018,51
247,"January 1, 2018",1,Refinance,1800252675_1062743221,unknown,illinois ,January,1,2018,51
248,"January 1, 2018",10,Refinance,2732796405_731835275,unknown,oklahoma ,January,1,2018,51
249,"January 1, 2018",2,Refinance,2799214284_1594079913,unknown,california ,January,1,2018,51
252,"January 1, 2018",1,Home Equity,406558662_2140199949,unknown,new york ,January,1,2018,51
253,"January 1, 2018",1,Refinance,846460738_4187655586,unknown,arkansas ,January,1,2018,51
254,"January 1, 2018",1,Personal,5809995016968444342_6415261745456221976,unknown,georgia ,January,1,2018,51
255,"January 1, 2018",2,Home Equity,3265191438486519128_7285682586397684154,unknown,indiana ,January,1,2018,51
256,"January 1, 2018",1,Refinance,1144157349_2140199949,unknown,indiana ,January,1,2018,51
257,"January 1, 2018",7,Business Loans,8960435326362697922_4770724615836132552,unknown,washington ,January,1,2018,51
258,"January 1, 2018",2,Refinance,1141676723_687056645,unknown,oklahoma ,January,1,2018,51
259,"January 1, 2018",1,Personal,1144337694_2613387742,unknown,tennessee ,January,1,2018,51
260,"January 1, 2018",1,Personal,7053798588359899792_8403115936795908152,unknown,pennsylvania ,January,1,2018,51
261,"January 1, 2018",19,Personal,432465408875652850_3874728207162133924,unknown,florida ,January,1,2018,51
262,"January 1, 2018",6,Personal,5796911586138795955_1511008124015413084,unknown,district of columbia ,January,1,2018,51
263,"January 1, 2018",3,Personal,1796829202700686412_2669704126307961452,unknown,oregon ,January,1,2018,51
264,"January 1, 2018",1,Refinance,1239974347_2140199949,unknown,texas ,January,1,2018,51
266,"January 1, 2018",3,Personal,7693364507055027489_2017816908941997759,unknown,georgia ,January,1,2018,51
267,"January 1, 2018",2,Personal,7133846491379093314_9135455817704261679,unknown,virginia ,January,1,2018,51
269,"January 1, 2018",3,Personal,387252750129073109_5505129458257908006,unknown,texas ,January,1,2018,51
270,"January 1, 2018",1,unknown,1422029571792510120_6325019516367252848,27,new mexico ,January,1,2018,51
271,"January 1, 2018",1,unknown,1474062355842618828_2457841265549977498,27,texas ,January,1,2018,51
272,"January 1, 2018",1,unknown,1519731369438292659_7788486140182645491,27,texas ,January,1,2018,51
273,"January 1, 2018",1,unknown,1711993373764944221_3438900243446431278,27,louisiana ,January,1,2018,51
274,"January 1, 2018",1,unknown,2449997946854603939_7400971231564450429,27,colorado ,January,1,2018,51
275,"January 1, 2018",1,unknown,2611393568377671717_556268845430236593,27,florida ,January,1,2018,51
276,"January 1, 2018",1,unknown,2921713224065263893_1722956521616906479,27,arizona ,January,1,2018,51
277,"January 1, 2018",1,unknown,4178804224980155199_3737738609301891606,27,tennessee ,January,1,2018,51
278,"January 1, 2018",1,unknown,4312367479942479167_8886210148246508622,27,illinois ,January,1,2018,51
279,"January 1, 2018",1,unknown,4667018669224382725_7394175473843989754,27,south carolina ,January,1,2018,51
280,"January 1, 2018",1,unknown,5016025218606260505_858820257038583034,27,south carolina ,January,1,2018,51
282,"January 1, 2018",1,unknown,614116731104396985_5408798638069936276,comparecards,nevada ,January,1,2018,51
283,"January 1, 2018",1,unknown,6373148134427814209_6302488890637607198,27,new york ,January,1,2018,51
284,"January 1, 2018",1,unknown,6512604866821335057_8320245792700484258,27,georgia ,January,1,2018,51
285,"January 1, 2018",1,unknown,7261988324824651270_5061066612069930363,27,new jersey ,January,1,2018,51
286,"January 1, 2018",1,unknown,7810069236986978524_6542927275642760851,27,arizona ,January,1,2018,51
287,"January 1, 2018",1,Personal,1082689463035697963_5278953351596302994,27,arizona ,January,1,2018,51
288,"January 1, 2018",1,Personal,1102435528375469239_3624060573909697671,27,new york ,January,1,2018,51
289,"January 1, 2018",1,Personal,1347174045491221498_1752173303678624943,27,indiana ,January,1,2018,51
290,"January 1, 2018",1,Personal,1519731369438292659_7788486140182645491,27,texas ,January,1,2018,51
291,"January 1, 2018",1,Personal,1817590623928254187_420655931605393690,27,california ,January,1,2018,51
292,"January 1, 2018",1,Personal,2065746015724433698_1530971005504976181,27,nevada ,January,1,2018,51
293,"January 1, 2018",1,Personal,2607281005955589668_3881426963460915377,27,north carolina ,January,1,2018,51
294,"January 1, 2018",1,Personal,3816935075012010401_3016380122706314220,simpletuitionturndown,michigan ,January,1,2018,51
295,"January 1, 2018",1,Personal,4115777521658450469_4965809635185856046,27,tennessee ,January,1,2018,51
296,"January 1, 2018",1,Personal,5941979265495401468_3622930972466365662,27,california ,January,1,2018,51
297,"January 1, 2018",1,Personal,6044530240739679409_7789322288069842259,27,california ,January,1,2018,51
298,"January 1, 2018",1,Personal,7035602577465304359_9119290814619046013,27,california ,January,1,2018,51
299,"January 1, 2018",1,Personal,8470648274580463745_7587257970850519587,27,mississippi ,January,1,2018,51
300,"January 1, 2018",1,Personal,8634445541322049053_2334226697907076181,27,new jersey ,January,1,2018,51
301,"January 1, 2018",1,Personal,9078950118295177065_1541889257482917974,27,california ,January,1,2018,51
302,"January 1, 2018",1,Refinance,4981140254642624754_4444226217594142433,27,utah ,January,1,2018,51
303,"January 1, 2018",1,Reverse Mortgage,6401678036651269289_8498733891818497544,27,florida ,January,1,2018,51
304,"January 1, 2018",2,unknown,334546927010521107_5758161483300711186,27,florida ,January,1,2018,51
305,"January 1, 2018",2,unknown,5398071851538127741_5429102385931529099,27,wisconsin ,January,1,2018,51
306,"January 1, 2018",2,unknown,8535697634464010735_1704052960294887346,27,ohio ,January,1,2018,51
307,"January 1, 2018",2,Personal,1934577341525895262_2144554945340252344,27,pennsylvania ,January,1,2018,51
308,"January 1, 2018",2,Personal,3367292773207019047_5636795991016335929,27,florida ,January,1,2018,51
309,"January 1, 2018",2,Personal,3465758506468576957_8055088121336560600,27,nevada ,January,1,2018,51
310,"January 1, 2018",2,Personal,7629288346918405563_9213197741883437918,27,maryland ,January,1,2018,51
311,"January 1, 2018",2,Personal,7989799105172752044_2277446249278478871,27,pennsylvania ,January,1,2018,51
312,"January 1, 2018",2,Personal,8115728922310771949_221471847228670275,27,pennsylvania ,January,1,2018,51
313,"January 1, 2018",3,unknown,3470601673239249265_2967838487166944913,27,new york ,January,1,2018,51
314,"January 1, 2018",3,unknown,560930744649110502_4700125755455091382,27,colorado ,January,1,2018,51
316,"January 1, 2018",3,Personal,292826476078405637_2151249119410417911,27,indiana ,January,1,2018,51
317,"January 1, 2018",3,Personal,4441310913048603674_6240796151195329972,27,pennsylvania ,January,1,2018,51
318,"January 1, 2018",3,Personal,560930744649110502_4700125755455091382,27,colorado ,January,1,2018,51
319,"January 1, 2018",3,Personal,6933863412085260544_1108280135395285318,27,new york ,January,1,2018,51
320,"January 1, 2018",3,Personal,6937465110162408304_2922858518826328650,27,texas ,January,1,2018,51
321,"January 1, 2018",4,unknown,3182473695487918402_7531234097153390375,27,texas ,January,1,2018,51
322,"January 1, 2018",4,unknown,4439697819686961465_7896294862269606914,27,utah ,January,1,2018,51
323,"January 1, 2018",4,unknown,8405658605162799582_9134081366572251456,27,texas ,January,1,2018,51
324,"January 1, 2018",4,unknown,8918193771539550214_6446145700386286608,27,georgia ,January,1,2018,51
325,"January 1, 2018",4,Personal,8999108845536949319_486626222936964491,27,florida ,January,1,2018,51
326,"January 1, 2018",5,unknown,1383991676833189884_7715353778403968269,27,alabama ,January,1,2018,51
327,"January 1, 2018",5,unknown,3361501081765338592_6285824232539127246,27,georgia ,January,1,2018,51
328,"January 1, 2018",5,unknown,6577876142772106317_7743258301426947679,27,florida ,January,1,2018,51
329,"January 1, 2018",5,Personal,208783927356014577_8923926155107852868,27,tennessee ,January,1,2018,51
330,"January 1, 2018",5,Personal,4744278111274998809_7840549372302656070,27,florida ,January,1,2018,51
331,"January 1, 2018",7,unknown,6296378364431227741_4493672009189187985,27,wisconsin ,January,1,2018,51
332,"January 1, 2018",7,Auto,4214323249868280856_7400699203516810239,27,california ,January,1,2018,51
333,"January 1, 2018",9,unknown,4595807597770116601_1209671364563024582,27,california ,January,1,2018,51
334,"January 1, 2018",10,unknown,8667314214621145932_3802521367244676225,27,california ,January,1,2018,51
335,"January 1, 2018",15,unknown,2214099655789358509_7015598606625519479,27,nevada ,January,1,2018,51
336,"January 1, 2018",15,Personal,4610572945409298314_8366651282370870715,27,pennsylvania ,January,1,2018,51
337,"January 1, 2018",25,Personal,2857587184228105205_2306128882578726876,27,maryland ,January,1,2018,51
338,"January 1, 2018",34,Personal,3928471803324726867_1314853357787762500,27,illinois ,January,1,2018,51
339,"January 1, 2018",1,unknown,9205613306100535355_8355805274283983146,comparecards,florida ,January,1,2018,51
340,"January 1, 2018",10,unknown,7844551611491934575_4681070866980737562,27,georgia ,January,1,2018,51
341,"January 1, 2018",5,Personal,4937940445994405543_4315462159830219679,27,florida ,January,1,2018,51
342,"January 1, 2018",5,Personal,7030809798296672718_1740476009534566685,27,missouri ,January,1,2018,51
343,"January 1, 2018",1,unknown,6256940248083018222_1647601788490712804,27,california ,January,1,2018,51
344,"January 1, 2018",5,unknown,2857548990680859874_680619657190033159,comparecards,california ,January,1,2018,51
345,"January 1, 2018",5,Personal,1941881047228743799_8104043496624395378,27,louisiana ,January,1,2018,51
346,"January 1, 2018",4,unknown,6517097392587006931_2796639897055284956,27,wisconsin ,January,1,2018,51
347,"January 1, 2018",2,Personal,3794835402399467933_5053467234301142309,27,kansas ,January,1,2018,51
348,"January 1, 2018",1,unknown,5516609884451743761_2196854771943565995,27,ohio ,January,1,2018,51
349,"January 1, 2018",4,Personal,963061912935783923_2344147479098334322,27,nevada ,January,1,2018,51
350,"January 1, 2018",1,Auto,7318014810303889091_7105699787549720553,27,new york ,January,1,2018,51
352,"January 1, 2018",1,Refinance,1774237363833891181_4913876191075194607,27,oklahoma ,January,1,2018,51
353,"January 1, 2018",34,Personal,5574234927292296344_2487233782108076075,27,georgia ,January,1,2018,51
354,"January 1, 2018",3,Personal,8267222827637295633_3435873458543643167,27,illinois ,January,1,2018,51
356,"January 1, 2018",1,Refinance,1234714025214720921_2686220442660995299,27,oregon ,January,1,2018,51
358,"January 1, 2018",1,Purchase,1430377472900766407_926038199369781134,27,michigan ,January,1,2018,51
359,"January 1, 2018",1,Purchase,5640972996611194664_5562171028036399355,27,maryland ,January,1,2018,51
360,"January 1, 2018",1,Refinance,8918945782036210442_6907822285192848326,27,illinois ,January,1,2018,51
363,"January 1, 2018",1,Refinance,4791720449531385637_3056837603486238498,27,north carolina ,January,1,2018,51
364,"January 1, 2018",1,Refinance,4155288129152384953_1471721882596865789,27,massachusetts ,January,1,2018,51
365,"January 1, 2018",2,Personal,7870568469365874798_4465682303749113009,27,indiana ,January,1,2018,51
366,"January 1, 2018",2,Purchase,8498030958298373427_2928487145275101515,27,florida ,January,1,2018,51
367,"January 1, 2018",1,Purchase,3877656810212791108_811782216570946911,27,kansas ,January,1,2018,51
368,"January 1, 2018",1,Refinance,1163695384527155524_301519542814751274,27,minnesota ,January,1,2018,51
370,"January 1, 2018",1,Refinance,3902430756462678341_2171867917162081329,27,texas ,January,1,2018,51
371,"January 1, 2018",3,Personal,2491116151426780399_1280958966955109382,27,texas ,January,1,2018,51
372,"January 1, 2018",2,Refinance,1588409338621517670_4072309458252200977,27,new york ,January,1,2018,51
373,"January 1, 2018",2,Personal,8494542027847503158_4256391633216696312,27,georgia ,January,1,2018,51
374,"January 1, 2018",10,Refinance,4471110592582472296_2827921823649423964,27,maryland ,January,1,2018,51
375,"January 1, 2018",1,Purchase,456517939702278157_6060609624825010245,27,pennsylvania ,January,1,2018,51
376,"January 1, 2018",1,Personal,7776206621210451933_1053057152574236732,27,texas ,January,1,2018,51
377,"January 1, 2018",2,Personal,7440294019027028012_3160825562672052406,27,new york ,January,1,2018,51
378,"January 1, 2018",1,Refinance,6276272795215754446_5452172044415150180,27,california ,January,1,2018,51
379,"January 1, 2018",1,Refinance,3264225776257059478_226078673544333813,27,california ,January,1,2018,51
380,"January 1, 2018",6,Personal,7524631760783668796_1906665174070649028,27,maryland ,January,1,2018,51
381,"January 1, 2018",6,Refinance,8039000483669906304_3900140923512168532,27,new jersey ,January,1,2018,51
382,"January 1, 2018",1,Refinance,1634471114754832408_1248385243131491843,27,georgia ,January,1,2018,51
383,"January 1, 2018",4,Personal,3020032802411762621_1804600476160357149,27,new jersey ,January,1,2018,51
384,"January 1, 2018",2,Refinance,1599735835905705186_5736767228743358491,27,texas ,January,1,2018,51
386,"January 1, 2018",4,Personal,6972691272445240791_6949820242233081924,27,north carolina ,January,1,2018,51
387,"January 1, 2018",1,Refinance,8737168380676125761_8324417671924276956,27,tennessee ,January,1,2018,51
388,"January 1, 2018",1,Personal,195824277987507116_7032471725013750948,27,illinois ,January,1,2018,51
389,"January 1, 2018",5,Personal,6418788125939309886_1063614121811273971,27,georgia ,January,1,2018,51
390,"January 1, 2018",3,Personal,4441310913048603674_6240796151195329972,27,pennsylvania ,January,1,2018,51
391,"January 1, 2018",1,Personal,7253659911369273897_698744561783057386,27,texas ,January,1,2018,51
392,"January 1, 2018",3,Purchase,8711970176977450771_3186030655216837647,27,texas ,January,1,2018,51
393,"January 1, 2018",1,Purchase,1574418334779211418_2050798271328427756,27,california ,January,1,2018,51
395,"January 1, 2018",1,Purchase,8611770113350115727_5320967677291344841,27,tennessee ,January,1,2018,51
396,"January 1, 2018",2,Refinance,3150581974476966281_2197929102885479784,27,tennessee ,January,1,2018,51
397,"January 1, 2018",1,Personal,1423083661326952452_7353264908937411428,27,vermont ,January,1,2018,51
398,"January 1, 2018",1,Refinance,8672053429527029652_863441812828581863,27,georgia ,January,1,2018,51
399,"January 1, 2018",12,Personal,3731329490358824023_8795934499821284910,27,ohio ,January,1,2018,51
400,"January 1, 2018",1,Refinance,5459700191124809468_4941901495084932309,27,new york ,January,1,2018,51
401,"January 1, 2018",24,Personal,5144030959547756791_5917809737905986773,27,ohio ,January,1,2018,51
402,"January 1, 2018",3,Purchase,5191024038749022873_8909683832698131883,27,florida ,January,1,2018,51
403,"January 1, 2018",2,Personal,1217106959232234824_5124106108977789329,27,illinois ,January,1,2018,51
404,"January 1, 2018",1,Purchase,4577272195804959385_3764431245799374533,27,oklahoma ,January,1,2018,51
405,"January 1, 2018",1,Refinance,5662614688052341911_2447846984113275796,27,nevada ,January,1,2018,51
406,"January 1, 2018",2,Personal,668910333126570284_5860138776970729840,27,michigan ,January,1,2018,51
407,"January 1, 2018",2,Personal,3071044044117400031_1805465617225604231,27,pennsylvania ,January,1,2018,51
408,"January 1, 2018",7,Personal,6536300517388113577_4928125284893399175,27,illinois ,January,1,2018,51
409,"January 1, 2018",2,Refinance,3710530291793330330_5362267598284137185,27,michigan ,January,1,2018,51
410,"January 1, 2018",2,Purchase,3710530291793330330_5362267598284137185,27,michigan ,January,1,2018,51
412,"January 1, 2018",1,Purchase,2420870901439197975_2852896711597537567,27,massachusetts ,January,1,2018,51
413,"January 1, 2018",2,Purchase,877730207873456515_2188667579687287446,27,texas ,January,1,2018,51
414,"January 1, 2018",2,Refinance,2839419263547834617_8735717744330361156,27,california ,January,1,2018,51
415,"January 1, 2018",1,Purchase,7949141477585436112_3857489955903445142,27,california ,January,1,2018,51
416,"January 1, 2018",1,Purchase,232604572932618778_8753004171560825110,27,new york ,January,1,2018,51
418,"January 1, 2018",1,Personal,4312367479942479167_8886210148246508622,27,illinois ,January,1,2018,51
419,"January 1, 2018",1,Purchase,559236374012433698_1405030881740967667,27,texas ,January,1,2018,51
420,"January 1, 2018",1,Refinance,7941017469666857733_4737528367283656862,27,vermont ,January,1,2018,51
421,"January 1, 2018",4,Purchase,1801867724886301718_7830708365156636448,27,texas ,January,1,2018,51
422,"January 1, 2018",3,Purchase,1089601767205414060_1521023459165451496,27,michigan ,January,1,2018,51
424,"January 1, 2018",18,Personal,4829090254143675338_8432386352555315493,27,tennessee ,January,1,2018,51
426,"January 1, 2018",1,Refinance,417736235922673430_9202025175676668896,27,kentucky ,January,1,2018,51
427,"January 1, 2018",1,Purchase,2570406319359226531_7614187121847798799,27,massachusetts ,January,1,2018,51
428,"January 1, 2018",1,Refinance,2295416496042501604_6363690296765323599,27,ohio ,January,1,2018,51
429,"January 1, 2018",1,Personal,6644727962132311474_6539306616890017142,27,illinois ,January,1,2018,51
430,"January 1, 2018",1,Purchase,2947871228865992563_5807409826993741099,27,north carolina ,January,1,2018,51
431,"January 1, 2018",1,Refinance,3200432033641304008_4396726059810315644,27,texas ,January,1,2018,51
432,"January 1, 2018",4,Refinance,3429448752038441634_4678562122396024424,27,california ,January,1,2018,51
433,"January 1, 2018",1,Refinance,1512401842645374168_3214684220242155729,27,washington ,January,1,2018,51
434,"January 1, 2018",1,Refinance,1527449472822980775_8893569996478473838,27,pennsylvania ,January,1,2018,51
435,"January 1, 2018",1,Purchase,2186160887059522676_4334127428865727032,27,florida ,January,1,2018,51
436,"January 1, 2018",6,Personal,6960262775837725624_5568473151705885503,27,illinois ,January,1,2018,51
437,"January 1, 2018",1,Refinance,901579275432196319_3739324485413745886,27,colorado ,January,1,2018,51
438,"January 1, 2018",1,Purchase,1083884330298574815_168426387015350087,27,nebraska ,January,1,2018,51
439,"January 1, 2018",1,Refinance,1715100873109894945_7814309324811444396,27,michigan ,January,1,2018,51
440,"January 1, 2018",3,Personal,7532801194698727560_6936312976228358320,27,arkansas ,January,1,2018,51
441,"January 1, 2018",5,Purchase,2328217233582317472_1944738430321591860,27,texas ,January,1,2018,51
443,"January 1, 2018",1,Refinance,6157519561228333861_7778630525971087478,27,new york ,January,1,2018,51
446,"January 1, 2018",1,Refinance,1927010153709300953_5816706054711014170,27,california ,January,1,2018,51
447,"January 1, 2018",1,Purchase,7428566208794917242_7795303914714733532,27,montana ,January,1,2018,51
448,"January 1, 2018",1,Refinance,5281889312190582987_4711622195057712136,27,hawaii ,January,1,2018,51
449,"January 1, 2018",1,Purchase,4371420151512407084_2431190657398533296,27,georgia ,January,1,2018,51
450,"January 1, 2018",1,Refinance,7536961598265837094_2582809022436580511,27,colorado ,January,1,2018,51
451,"January 1, 2018",1,Refinance,5630795189492045416_5467876880142047582,27,pennsylvania ,January,1,2018,51
452,"January 1, 2018",2,Refinance,8498030958298373427_2928487145275101515,27,florida ,January,1,2018,51
453,"January 1, 2018",2,Purchase,8241810309975032447_2753059317169906540,27,california ,January,1,2018,51
454,"January 1, 2018",1,Refinance,3219296908437072096_8308725887531644857,27,georgia ,January,1,2018,51
455,"January 1, 2018",9,Refinance,3450569303223904721_519187723520286611,27,new york ,January,1,2018,51
456,"January 1, 2018",1,Personal,1956641347322955971_3535663267603765487,simpletuitionturndown,california ,January,1,2018,51
457,"January 1, 2018",2,Refinance,2484476505033024785_7533946443618985589,27,south carolina ,January,1,2018,51
458,"January 1, 2018",2,Personal,8489893387007217994_5987985139130863053,27,colorado ,January,1,2018,51
459,"January 1, 2018",1,Personal,7141405300211955703_8204101959721035683,27,california ,January,1,2018,51
460,"January 1, 2018",1,Purchase,9128804148167042745_6130870855108298260,27,illinois ,January,1,2018,51
461,"January 1, 2018",2,Refinance,1516592894141699345_8321010137884756576,27,ohio ,January,1,2018,51
462,"January 1, 2018",3,Purchase,2080482035279304139_1625173452710446995,27,georgia ,January,1,2018,51
463,"January 1, 2018",1,Purchase,8372121304529849090_8095616232976458776,27,illinois ,January,1,2018,51
464,"January 1, 2018",18,Refinance,8007761592642650433_8413928340706357331,27,pennsylvania ,January,1,2018,51
465,"January 1, 2018",2,Refinance,1376880013012155432_3748982574790477560,27,california ,January,1,2018,51
466,"January 1, 2018",1,Refinance,2011770991940441247_7428222185418731181,27,california ,January,1,2018,51
467,"January 1, 2018",2,Refinance,1333103124732756788_8800942979863868113,27,arizona ,January,1,2018,51
468,"January 1, 2018",2,Refinance,3796227958285841385_3784044055749554445,27,georgia ,January,1,2018,51
469,"January 1, 2018",1,Refinance,4357938516342958630_4477236462784071512,27,virginia ,January,1,2018,51
470,"January 1, 2018",1,Refinance,2342703993806151925_5821089194296542876,27,minnesota ,January,1,2018,51
471,"January 1, 2018",2,unknown,2041883618431818400_157198301273185466,27,pennsylvania ,January,1,2018,51
473,"January 1, 2018",2,Personal,2192770267860963469_2644406536561511982,27,new jersey ,January,1,2018,51
474,"January 1, 2018",1,Refinance,928617486263013978_2934993215015194557,27,pennsylvania ,January,1,2018,51
475,"January 1, 2018",1,Refinance,3363266309803996451_6099879501272734450,27,new jersey ,January,1,2018,51
477,"January 1, 2018",1,Refinance,2523912889513158530_2464889382869136414,27,texas ,January,1,2018,51
479,"January 1, 2018",1,Purchase,8588916528848883368_4620478303016310316,27,indiana ,January,1,2018,51
480,"January 1, 2018",1,Refinance,8462101263250394590_9167537592692249574,27,missouri ,January,1,2018,51
481,"January 1, 2018",1,Personal,7165346788056807453_5222413993550848462,27,new mexico ,January,1,2018,51
483,"January 1, 2018",1,Refinance,2398235471540189869_1330502145341870282,27,georgia ,January,1,2018,51
484,"January 1, 2018",1,Purchase,3499531723400555877_2875272980162374872,27,massachusetts ,January,1,2018,51
485,"January 1, 2018",1,Refinance,4186726451949318855_8875103560774304452,27,ohio ,January,1,2018,51
487,"January 1, 2018",1,Refinance,7368427069202515668_6649503219004641222,27,florida ,January,1,2018,51
489,"January 1, 2018",5,Auto,4937940445994405543_4315462159830219679,27,florida ,January,1,2018,51
490,"January 1, 2018",2,Refinance,8469776991708870521_6893593128694678853,27,new york ,January,1,2018,51
492,"January 1, 2018",4,Refinance,1064535102927311756_4205004195367826321,27,new jersey ,January,1,2018,51
493,"January 1, 2018",1,Refinance,6806638932088797859_4980248954351453207,27,louisiana ,January,1,2018,51
494,"January 1, 2018",6,Purchase,4251226809010108839_611713271146102334,27,texas ,January,1,2018,51
495,"January 1, 2018",1,Purchase,2465711955048699798_330961417582209823,27,california ,January,1,2018,51
497,"January 1, 2018",1,Personal,7468395695999615701_5230920183569082510,27,pennsylvania ,January,1,2018,51
498,"January 1, 2018",1,Personal,6101274995958504617_6403178407758196325,27,maryland ,January,1,2018,51
499,"January 1, 2018",2,Personal,4599161545208922111_5964220549722956083,27,new york ,January,1,2018,51
500,"January 1, 2018",4,Personal,1668647032152026039_2614633777866207750,27,california ,January,1,2018,51
501,"January 1, 2018",2,Personal,1942823960778098937_7932707727596505584,27,west virginia ,January,1,2018,51
502,"January 1, 2018",2,Refinance,8793874090129098664_7857451392763426321,27,michigan ,January,1,2018,51
503,"January 1, 2018",1,Refinance,6353119019193862615_8630043715723157498,27,florida ,January,1,2018,51
504,"January 1, 2018",1,Personal,7253456185242750110_4621357311833198935,27,ohio ,January,1,2018,51
505,"January 1, 2018",1,Personal,5613740089315690013_3019978426606932859,27,california ,January,1,2018,51
506,"January 1, 2018",1,Refinance,2161966163479718059_3137428724761491198,27,florida ,January,1,2018,51
507,"January 1, 2018",1,Refinance,5356828900302292788_722204819485919362,27,missouri ,January,1,2018,51
508,"January 1, 2018",3,Personal,4429932571153491492_5564107610058549652,27,colorado ,January,1,2018,51
509,"January 1, 2018",4,Refinance,5748326523944590269_2043054107641584783,27,california ,January,1,2018,51
510,"January 1, 2018",1,Refinance,1392601362651856101_5961403925714014100,27,michigan ,January,1,2018,51
512,"January 1, 2018",1,Refinance,4255661914912160999_9021062072682125904,27,north carolina ,January,1,2018,51
513,"January 1, 2018",1,Refinance,2282454711167848900_1700323149712460318,27,virginia ,January,1,2018,51
514,"January 1, 2018",8,Personal,7032052821169575515_2383493124492800328,27,maine ,January,1,2018,51
515,"January 1, 2018",1,Purchase,5990242533527595950_7062605484214167470,27,new jersey ,January,1,2018,51
516,"January 1, 2018",1,Refinance,3453362390752457505_6234385095470999790,27,north carolina ,January,1,2018,51
517,"January 1, 2018",1,Personal,1557375038281954191_8993483446389186767,27,pennsylvania ,January,1,2018,51
518,"January 1, 2018",1,Refinance,3855674174144907525_4323396032452238304,27,kentucky ,January,1,2018,51
519,"January 1, 2018",1,Personal,4835564339364581384_1878632636521877381,27,pennsylvania ,January,1,2018,51
520,"January 1, 2018",1,Refinance,1956438204794072682_9180055810472786863,27,texas ,January,1,2018,51
521,"January 1, 2018",1,Purchase,3695974220660258392_2910872740824340587,27,california ,January,1,2018,51
522,"January 1, 2018",2,Personal,1510568823382504779_4790760384736769571,27,ohio ,January,1,2018,51
523,"January 1, 2018",7,Refinance,184229665320555566_6007804705185163349,27,louisiana ,January,1,2018,51
524,"January 1, 2018",1,Personal,1947731676534210500_6267607913758142174,27,texas ,January,1,2018,51
525,"January 1, 2018",1,unknown,5185742277923363467_4374803047388847766,27,texas ,January,1,2018,51
526,"January 1, 2018",3,Personal,7394837979532024297_4382632089540416095,27,georgia ,January,1,2018,51
527,"January 1, 2018",1,Refinance,1799275973355960063_748234538467889677,27,new york ,January,1,2018,51
528,"January 1, 2018",2,Refinance,1241015365707477800_2282813150328251500,27,pennsylvania ,January,1,2018,51
530,"January 1, 2018",1,Purchase,9213866029167111284_961284458609785480,27,california ,January,1,2018,51
531,"January 1, 2018",3,Personal,425215517683214667_1944603472746956187,27,georgia ,January,1,2018,51
532,"January 1, 2018",5,Personal,4862437216477034786_2980633159654121342,27,pennsylvania ,January,1,2018,51
533,"January 1, 2018",1,Refinance,1314875945253140259_2021676536260391236,27,colorado ,January,1,2018,51
534,"January 1, 2018",1,Refinance,4245032973163144783_4869603467850108796,27,texas ,January,1,2018,51
535,"January 1, 2018",2,Personal,4926040972849147854_9134341628222282809,27,georgia ,January,1,2018,51
536,"January 1, 2018",1,Refinance,1361222449666058966_1991021922432284428,27,california ,January,1,2018,51
538,"January 1, 2018",1,Purchase,3843858311089989797_4749452031113218409,27,indiana ,January,1,2018,51
539,"January 1, 2018",1,Purchase,1626180568121600715_6479149701184406456,27,alaska ,January,1,2018,51
540,"January 1, 2018",1,Purchase,7897590443167441096_481404940229176635,27,kentucky ,January,1,2018,51
541,"January 1, 2018",1,Refinance,579719079232227429_1816682117322591156,27,tennessee ,January,1,2018,51
542,"January 1, 2018",1,Refinance,7631540135682414364_8020501682901497314,27,texas ,January,1,2018,51
543,"January 1, 2018",3,Refinance,5735655834258167179_5012753820577995391,27,arkansas ,January,1,2018,51
544,"January 1, 2018",1,Purchase,185365519498203693_7591405356716831566,27,new jersey ,January,1,2018,51
545,"January 1, 2018",1,Refinance,312510913446010020_2989156432413891484,27,ohio ,January,1,2018,51
546,"January 1, 2018",4,Refinance,5988739674450368131_1477898442800013961,27,illinois ,January,1,2018,51
547,"January 1, 2018",1,Purchase,2773922254571615320_7369146162260734502,27,california ,January,1,2018,51
548,"January 1, 2018",1,Purchase,4652188847166182928_8623473555735719520,27,minnesota ,January,1,2018,51
549,"January 1, 2018",1,Refinance,4652188847166182928_8623473555735719520,27,minnesota ,January,1,2018,51
550,"January 1, 2018",1,Refinance,2458632143664336992_440284282130180700,27,washington ,January,1,2018,51
